<interface
	xmlns:xsi="http://www.w3.org/2001/XMLSchema-instance"
	xmlns="http://learnityframework.org/"
	xsi:schemaLocation="http://learnityframework.org/ http://localhost:8181/learnitymsme/xsd/Interface.xsd"
	id="PipelineLoading" title="Pipeline Loading" type="Interface">

	<configuration checkrole="false"></configuration>

	<structure>
		<part id="BodyDiv" class="label"></part>
		<part id="PipelineSelectorRowContainer" class="label"></part> <!-- CorpusSelectorRowContainer -->
		<part id="PipelineTitleLabel" class="label"></part> <!-- CorpusTitleLabel -->
		<part id="PipelineloadingGrid" class="Conditionalgrid"
			caption="Currently Defined Files For the Above pipeline"
			sortname="PL.Pipeline_Step_id" sortorder="desc">

			<selector id="Pipeline_Step_id" class="combo"
				contentid="PipelineLoadingContent"
				behaviourid="PipelinepeLoadingBehaviour" domaintype="query"
				value="select P.pipeline_id,P.pipeline_title from PIPELINE P,USER_PIPELINE_ASSOCIATION UPA,ADMIN_USER AU where P.pipeline_id=UPA.pipeline_id and UPA.admin_user_id=AU.admin_user_id and AU.admin_login_id=%current_login_user_id%"
				gridrefresh="true">
			</selector>

			<column head="Pipeline Step Id"
				name="processing_pipeline_step_id" index="1" width="0"
				editable="true" hidden="true" key="true">
				<edit type="text" size="30"></edit>
			</column>
			<column head="Pipeline Given Id"
				name="processing_pipeline_given_id" index="2" width="250"
				editable="true" hidden="false" key="false" required="true">
				<edit type="text" size="30"></edit>
			</column>
			<column head="Pipeline Step Name"
				name="processing_pipeline_step_name" index="3" width="150"
				editable="true" hidden="false" key="false" required="false">
				<edit type="textarea" cols="28" rows="5"></edit>
			</column>
			<column head="Pipeline Step Description"
				name="processing_pipeline_step_description" index="4" width="70"
				editable="false" hidden="false" key="false" required="false">
				<edit type="text" size="30"></edit>
			</column>
			<column head="Pipeline Step Next Step"
				name="processing_pipeline_step_next_step" index="5" width="150"
				editable="false" hidden="false" key="false" required="false">
				<edit type="text" size="30"></edit>
			</column>
			<column head="Pipeline Step Parameters"
				name="processing_pipeline_step_parameters" index="6" width="150"
				editable="false" hidden="false" key="false" required="false">
				<edit type="text" size="30"></edit>
			</column>
			<column head="Date Pipeline Step Created"
				name="date_pipeline_step_created" index="7" width="150"
				editable="false" hidden="false" key="false" required="false">
				<edit type="text" size="30"></edit>
			</column>
			<column head="Comment" name="comment" index="8" width="135"
				editable="true" hidden="false" key="false" required="false">
				<edit type="textarea" cols="28" rows="5"></edit>
			</column>
			<column head="Pipeline Id" name="processing_pipeline_id"
				index="9" width="135" editable="true" hidden="false" key="false"
				required="false">
				<edit type="textarea" cols="28" rows="5"></edit>
			</column>


			<loadquery
				value="select PL.processing_pipeline_step_id, PL.processing_pipeline_given_id, PL.processing_pipeline_step_name, PL.processing_pipeline_step_description, PL.processing_pipeline_step_next_step, PL.processing_pipeline_step_parameters, PL.date_pipeline_step_created, PL.comment, PL.processing_pipeline_id from PROCESSING_PIPELINE_STEP PL, PIPELINE P where PL.Pipeline_Step_id = %Pipeline_Step_id% and P.pipeline_id = PL.Pipeline_Step_id"></loadquery>

			<delete>
				<queries>
					<query id="1"
						sql="[CDATA[delete FROM PROCESSING_PIPELINE_STEP where processing_pipeline_step_id=%processing_pipeline_step_id%]]"
						parameter="processing_pipeline_step_id"></query>
				</queries>
			</delete>
			<add>
				<queries>
					<query id="1" sql="" parameter=""></query>
				</queries>
			</add>
			<modify>
				<queries>
					<query id="1"
						sql="[CDATA[update PROCESSING_PIPELINE_STEP processing_pipeline_step_name=%processing_pipeline_step_name%,processing_pipeline_step_description=%processing_pipeline_step_description%,processing_pipeline_step_next_step=%processing_pipeline_step_next_step%,processing_pipeline_step_parameters=%processing_pipeline_step_parameters%,comment=%comment% where processing_pipeline_step_id=%processing_pipeline_step_id%]]"
						parameter="processing_pipeline_step_id,processing_pipeline_given_id,processing_pipeline_step_name,processing_pipeline_step_description,processing_pipeline_step_next_step,processing_pipeline_step_parameters,date_pipeline_step_created,comment,processing_pipeline_id"></query>
				</queries>
			</modify>
		</part>
		<part id="UploadFileRowContainer" class="label"></part>
		<part id="ProcessingPipelineStepFileLabel" class="label"></part>
		<part id="UploadType" class="combo"></part>
		<part id="ProcessingPipelineStep" class="inputfile" multiple="true"></part>
		<part id="DirectoryLabel" class="label"></part>
		<part id="local_directory_name" class="inputtext"></part>
		<part id="UploadButton" class="button"></part>
		<part id="DownloadButton" class="button"></part>
		<part id="DeleteAllButton" class="button"></part>
		<part id="PipelineLoadingAjaxComp" class="ajaxcomponent"></part>
	</structure>

	<layout id="PipelineLoadingLayout">
		<part id="BodyDiv"></part>
		<part id="PipelineSelectorRowContainer" parent_id="BodyDiv"></part>
		<part id="PipelineTitleLabel"
			parent_id="PipelineSelectorRowContainer"></part>
		<part id="Pipeline_Step_id" parent_id="PipelineSelectorRowContainer"></part>
		<part id="PipelineloadingGrid" height="200" parent_id="BodyDiv"></part>
		<part id="UploadFileRowContainer" parent_id="BodyDiv"></part>
		<part id="ProcessingPipelineStepFileLabel" parent_id="UploadFileRowContainer"></part>
		<part id="UploadType" parent_id="UploadFileRowContainer"></part>
		<part id="ProcessingPipelineStep" parent_id="UploadFileRowContainer"></part>
		<part id="DirectoryLabel" parent_id="UploadFileRowContainer"></part>
		<part id="local_directory_name"
			parent_id="UploadFileRowContainer"></part>
		<part id="UploadButton" parent_id="UploadFileRowContainer"></part>
		<part id="DownloadButton" parent_id="UploadFileRowContainer"></part>
		<part id="DeleteAllButton" parent_id="UploadFileRowContainer"></part>
		<part id="PipelineLoadingAjaxComp" parent_id="BodyDiv"></part>
	</layout>

	<content id="PipelineLoadingContent">
		<part id="PipelineTitleLabel" value="Select Pipeline: "
			valuetype="inline"></part>
		<part id="ProcessingPipelineStepFileLabel" value="Select the file upload"
			valuetype="inline"></part>
		<part id="DirectoryLabel" value="Local directory name"
			valuetype="inline"></part>
		<part id="UploadButton" value="Upload File" valuetype="inline"></part>
		<part id="UploadType" valuetype="fixed">
			<combooption name="Single File" value="Single File"></combooption>
			<combooption name="Zip File" value="Zip File"></combooption>
			<combooption name="Local Directory"
				value="Local Directory"></combooption>
		</part>
		<part id="DownloadButton" value="Download File"
			valuetype="inline"></part>
		<part id="DeleteAllButton"
			value="Delete All Pipeline File Elements" valuetype="inline"></part>
	</content>

	<style id="PipelineLoadingStyle">
		<part id="BodyDiv" valuetype="reference"
			value="FlexColumnContainer"></part>
		<part id="PipelineSelectorRowContainer" valuetype="reference"
			value="FlexRowContainer"></part>
		<part id="PipelineSelectorRowContainer" valuetype="inline"
			value="[CDATA[width:50%;]]"></part>
		<part id="UploadFileRowContainer" valuetype="reference"
			value="FlexRowContainer"></part>
		<part id="UploadFileRowContainer" valuetype="inline"
			value="[CDATA[width:50%;]]"></part>
	</style>

	<behaviour id="PipelineLoadingBehaviour">
		<part id="UploadButton">
			<event name="onclick" type="simple"
				function="UploadButton_onclick" valuetype="jsevent"
				resourceid="PipelineLoadingjs"></event>
		</part>
		<part id="DownloadButton">
			<event name="onclick" type="simple"
				function="DownloadButton_onclick" valuetype="jsevent"
				resourceid="PipelinePopulationjs"></event>
		</part>
		<part id="DeleteAllButton">
			<event name="onclick" type="simple"
				function="DeleteAllButton_onclick" valuetype="jsevent"
				resourceid="PipelineLoadingjs"></event>
		</part>
		<part id="PipelineLoadingAjaxComp">
			<event name="ajax" type="simple" function="dummy"
				javaclass="UploadCorpusFile"></event>
		</part>
	</behaviour>

	<resource>
		<resourceitem id="PipelineLoadingjs"
			href="PipelineLoading.js" valuetype="js"></resourceitem>
	</resource>

</interface>