<?xml version="1.0" encoding="UTF-8"?><manifest xmlns="http://learnityframework.org/" id="AcademyLMS" title="AcademyLMS">
    <interface id="AdminUser" title="Admin User" type="Interface" zip="AdminUser.zip"/>
    <interface id="CorpusDefinition" title="Corpus Definition" type="Interface" zip="CorpusDefinition.zip"/>
    <interface id="CorpusPopulation" title="Corpus Population" type="Interface" zip="CorpusPopulation.zip"/>
    <interface id="DocumentCategory" title="Document Category" type="Interface" zip="DocumentCategory.zip"/>
    <interface id="LKEAdminHome" title="LearnITy Knowledge Engine Administration Home Page" type="Interface" zip="LKEAdminHome.zip"/>
    <interface id="LKEDemoUserHome" title="LearnITy Knowledge Engine Administration Home Page" type="Interface" zip="LKEDemoUserHome.zip"/>
    <interface id="LKEUserHome" title="LearnITy Knowledge Engine Administration Home Page" type="Interface" zip="LKEUserHome.zip"/>
    <interface id="LoginPage" title="LearnITy Knowledge Engine Login Page" type="Interface" zip="LoginPage.zip"/>
	<interface id="PipelineDefinition" title="Pipeline Definition" type="Interface" zip="PipelineDefinition.zip"/>	
	<interface id="PipelineLoading" title="Pipeline Loading" type="Interface" zip="PipelineLoading.zip"/>
</manifest><!--XML is generated on Tue Sep 06 22:51:38 IST 2022-->
